Name,Address,Price,Rating
GROSIR Sepeda Listrik Elektrik Lipat Smart Moped 48V 10.4AH - Lankeleisi G660,Jakarta Barat,Rp8.610.000,5
Xiaomi QiCycle EC1 Sepeda Elektrik Smart Bicycle 20 Inches - TDP02Z,Jakarta Barat,Rp6.784.300,4.5
Sepeda Lipat Listrik Xiaomi HIMO Z20 250Watt Original bergaransi warna Putih,Jakarta Barat,Rp7.610.000,4.7
Sepeda Lipat Listrik E Folding Bike United Mini IO 12 inch,Jambi,Rp8.800.000,4
Sepeda listrik custom chopper . gowes elektric bike . bukan motor minion harley brompton selis mtb bmx road bike fixie lipat,Jakarta Pusat,Rp15.000.000,5
Sepeda listrik custom indonesia chopper . gowes elektric bike . bukan motor minion harley brompton selis mtb bmx road bike fixie lipat ebike,Jakarta Pusat,Rp15.000.000,4
Sepeda Lankeleisi G660 listrik Lipat Smart Moped Lite Edition 48V 8.7AH,Jakarta Barat,Rp7.050.000,5
Uwinfly Dragonfly 2 DF2 plus 500 watt Terbaru,Jombang,Rp4.250.000,5
Sepeda Listrik mtb 20 United Gallio E bike,Jambi,Rp11.450.000,5
Sepeda MTB E bike 27.5 United Geneva elektrik listrik Electric,Jambi,Rp16.800.000,4
GROSIR Sepeda Listrik Elektrik Lipat Smart Moped 36V 8.7AH - Lankeleisi G100,Jakarta Barat,Rp7.270.000,5
Sepeda custom Chopper harley lowrider asli indonesia. sepeda onthel custom . bukan minion brompton bmx mtb roadbike . bisa upgrade sepeda listrik,Jakarta Pusat,Rp10.000.000,4
Sepeda Listrik Xiaomi QiCycle EC1 Smart Bicycle 20 Inches TDP02Z,Jakarta Barat,Rp6.220.000,4.8
Sepeda mtb Listrik ebike 27.5 United Manrola E bike,Jambi,Rp9.900.000,4
Sepeda Lipat Listrik Xiaomi HIMO Z20 250Watt Original bergaransi,Jakarta Barat,Rp8.380.000,4.9
Sepeda Listrik Lipat Smart Moped 48V 10.4AH Lankeleisi G300,Jakarta Barat,Rp7.420.000,5
GROSIR Sepeda Listrik Elektrik Lipat Smart Moped 48V 10.4Ah - Lankeleisi G650,Jakarta Barat,Rp9.050.000,4.7
Sepeda Listrik gunung road bike 36V 16AH - Lankeleisi  XC4000,Jakarta Barat,Rp15.080.000,5
converter DC 36v-72v to 12v 10A sepeda listrik / motor listrik reducer transformator modul DC 36v 48v 60v 64v 72v ke 12v 120w,Kab. Bandung,Rp75.000,5
PCB hall sensor 3144 dinamo sudut 60 sepeda listrik,Kab. Bekasi,Rp25.000,5
Motor Listrik Vespa Listrik T3 Pro T 3 Pro Uwinfly Garansi Resmi,Jakarta Selatan,Rp9.994.999,5
SEPEDA LISTRIK RF 7 RF7 REDFISH 7 REDFISH7 UWINFLY,Jakarta Selatan,Rp4.189.999,5
Sepeda Listrik Uwinfly Dragonfly 5 New  (DF5),Jombang,Rp4.350.000,5
"Votol EM50 -S Controller motor listrik Uwinfly, Viar, Goda dll",Bekasi,Rp750.000,5
Klakson sepeda listrik 36v 48v 60v 72v universal bel horn suara waterfroof anti airsparepart E-bike,Kab. Bandung,Rp65.000,5
Sepeda Motor Listrik Groza X3.5 Groza X 3 5 GROZA X 3.5 PACIFIC EXOTIC,Tangerang Selatan,Rp4.100.000,5
SEPEDA LISTRIK MOTOR LISTRIK RF 8 RF 8 REDFISH 8 REDFISH8 UWINFLY,Tangerang Selatan,Rp5.249.999,5
SEPEDA LISTRIK RF 7 RF7 REDFISH 7 REDFISH7 UWINFLY,Tangerang Selatan,Rp4.189.999,5
Alarm anti maling universal remote keyless sepeda listrik motor listrik scooter skuter elektrik 36v 48v 60v 64v 72v sparepart remot,Kab. Bandung,Rp145.000,5
PCB Hall sensor 41f dinamo sudut 60 sepeda listrik,Kab. Bekasi,Rp30.000,5
CHARGER 72V 20AH UNIVERSAL MOTOR LISTRIK SEPEDA LISTRIK CAS CASAN MOLIS SELIS SCOOTER LISTRIK 72 VOLT BATERAI AKI SLA LEAD ACID ELECTRIC E-BIKE 72VOLT,Kab. Bandung,Rp275.000,5
Pentil PVR50 Ekonomi Sepeda Listrik,Kab. Bekasi,Rp8.000,5
Sepeda Motor Listrik Exotic SYNCROS 6.0 by Pacific Exotic,Tangerang Selatan,Rp6.100.000,5
SEPEDA LISTRIK PROSTREET LOLLIPOP,Jakarta Selatan,Rp4.075.000,5
SEPEDA LISTRIK MOTOR LISTRIK  DF8 UWINFLY DF 8 S DRAGONFLY 8 DRAGONFLY8,Jakarta Selatan,Rp4.974.999,5
SEPEDA LISTRIK RF 7 RF7 REDFISH 7 REDFISH7 UWINFLY,Jakarta Selatan,Rp4.189.999,5
Motor Listrik Vespa Listrik T5 T 5 Uwinfly Indonesia,Jakarta Selatan,Rp13.394.999,5
SEPEDA LISTRIK MOTOR LISTRIK  DF8 UWINFLY DF 8 S DRAGONFLY 8 DRAGONFLY8,Jakarta Selatan,Rp4.299.999,5
SEPEDA MOTOR LISTRIK UWINFLY X6,Jakarta Selatan,Rp18.489.999,5
SEPEDA LISTRIK OVERO OFERO LEDO,Tangerang Selatan,Rp5.299.000,5
Sepeda Listrik Exotic Cooltech AX A X Pacific Garansi Resmi,Jakarta Selatan,Rp4.300.000,5
Sepeda Listrik Exotic Cooltech 2.0 by Pacific Exotic,Tangerang Selatan,Rp4.200.000,5
SEPEDA LISTRIK TURANZA FLUX 2.0 GARANSI RESMI,Jakarta Selatan,Rp4.400.000,5
SEPEDA LISTRIK OVERO OFERO LEDO,Jakarta Selatan,Rp5.299.000,5
Pacific Exotic Crosser Sepeda Motor Listrik Roda Tiga,Jakarta Selatan,Rp10.500.000,5
Motor Listrik Vespa Listrik Exotic Sprinter Pro Max Promax Pacific,Jakarta Selatan,Rp9.500.000,5
SEPEDA LISTIK PROSTREET DONUT,Jakarta Selatan,Rp4.100.000,5
SEPEDA LISTRIK OTOBOT T203,Jakarta Selatan,Rp4.300.000,5
SEPEDA LISTRIK OTOBOT T203,Jakarta Selatan,Rp4.300.000,5
Sepeda Listrik U Winfly Dragonfly 7 Fragon Fly 7- GARANSI,Tangerang Selatan,Rp4.094.999,5
SEPEDA LISTRIK TURANZA FLUX 2.0 GARANSI RESMI,Jakarta Selatan,Rp4.400.000,5
SEPEDA LISTRIK MOTOR LISTRIK  DF8 UWINFLY DF 8 S DRAGONFLY 8 DRAGONFLY8,Tangerang Selatan,Rp4.299.999,5
Sepeda Listrik Pacific Ventura Pentura Fentura Exotic,Jakarta Selatan,Rp4.900.000,5
Sepeda Motor Listrik Groza X3.5 Groza X 3 5 GROZA X 3.5 PACIFIC EXOTIC,Jakarta Selatan,Rp4.100.000,5
SEPEDA LISTRIK VELOCE 1.0 VELOS 1.0 EXOTIC PACIFIC GARANSI RESMI,Jakarta Selatan,Rp4.370.000,5
SEPEDA LISTRIK STARTGO E1 START GO E 1 GARANSI RESMI,Jakarta Selatan,Rp5.000.000,5
SEPEDA LISTIK PROSTREET DONUT,Tangerang Selatan,Rp4.100.000,5
SEPEDA LISTRIK PROSTREET LOLLIPOP,Jakarta Selatan,Rp4.075.000,5
Sepeda Listrik Exotic Cooltech 2.0 by Pacific Exotic,Jakarta Selatan,Rp4.200.000,5
SEPEDA LISTRIK GROZA RX R X PACIFIC EXOTIC GARANSI RESMI,Jakarta Selatan,Rp4.600.000,5
Sepeda Listrik Exotic Cooltech AX A X Pacific Garansi Resmi,Tangerang Selatan,Rp4.300.000,5
SEPEDA LISTRIK OVERO OFERO MAGICAL MAJIKAL,Tangerang Selatan,Rp6.299.000,5
Sepeda Listrik Exotic Syncros 6.0 By Pacific Ebike,Jakarta Selatan,Rp6.800.000,5
SEPEDA LISTRIK VELOCE 1.0 VELOS 1.0 EXOTIC PACIFIC GARANSI RESMI,Jakarta Selatan,Rp4.370.000,5
Motor Listrik Vespa Listrik T5 T 5 Uwinfly Indonesia,Tangerang Selatan,Rp13.394.999,5
SEPEDA LISTRIK MOTOR LISTRIK RF 8 RF 8 REDFISH 8 REDFISH8 UWINFLY,Jakarta Selatan,Rp5.249.999,5
SEPEDA LISTRIK OTOBOT T203,Tangerang Selatan,Rp4.300.000,5
SEPEDA LISTRIK VELOCE 1.5 VELOS 1.5 EXOTIC PACIFIC GARANSI RESMI,Jakarta Selatan,Rp4.400.000,5
SEPEDA LISTRIK PROSTREET LOLLIPOP,Tangerang Selatan,Rp4.075.000,5
SEPEDA LISTRIK VELOCE 1.5 VELOS 1.5 EXOTIC PACIFIC GARANSI RESMI,Tangerang Selatan,Rp4.400.000,5
SEPEDA LISTRIK VELOCE 1.5 VELOS 1.5 EXOTIC PACIFIC GARANSI RESMI,Jakarta Selatan,Rp4.400.000,5
SEPEDA LISTRIK OTOBOT T205,Jakarta Selatan,Rp4.500.000,5
SEPEDA LISTRIK OVERO OFERO STAREER,Jakarta Selatan,Rp7.399.000,5
SEPEDA LISTRIK PACIFIC EXOTIC GROZA X6 GROZA X 6,Tangerang Selatan,Rp4.250.000,5
SEPEDA LISTRIK VELOCE 1.0 VELOS 1.0 EXOTIC PACIFIC GARANSI RESMI,Tangerang Selatan,Rp4.370.000,5
Sepeda Listrik Uwinfly Redfish 3 Terbaru,Jombang,Rp5.250.000,3.7
Sepeda Listrik Exotic Cooltech 2.0 by Pacific Exotic,Jakarta Selatan,Rp4.200.000,Terjual 6
SEPEDA LISTRIK OTOBOT T205,Jakarta Selatan,Rp4.500.000,Terjual 6
SEPEDA LISTRIK OTOBOT T205,Tangerang Selatan,Rp4.500.000,Terjual 6
Harga Subsidi Sepeda Motor Listrik Goda Golden New Lion 200,Jakarta Timur,Rp1.158.980,5
sepeda listrik selis thunder,Jember,Rp4.000.000,3.8
Sepeda Listrik Pacific Ventura Pentura Fentura Exotic,Jakarta Selatan,Rp4.900.000,5
SEPEDA LISTRIK GROZA MX PACIFIC EXOTIC,Tangerang Selatan,Rp9.000,5
Motor Listrik Vespa Listrik T5 T 5 Uwinfly Indonesia,Jakarta Selatan,Rp13.394.999,5
Kunci Box Aki Bagian Bawah Sepeda Listrik,Kab. Bekasi,Rp25.000,5
Sepeda Listrik Pacific Ventura Pentura Fentura Exotic,Tangerang Selatan,Rp4.900.000,5
Sepeda Listrik EXOTIC Cooltech Cool Tech by PASIFIK,Jakarta Timur,Rp5.000.000,4.5
Sepeda Lipat Listrik THE ONE CITY BIKE Vs QICYCLE electric scooter,Jakarta Barat,Rp12.400.000,5
Handle gas 3 kecepatan maju mundur sepeda listrik motor listrik roda 3 scooter skuter listrik atv electric 3 speed sparepart throttle kabel gas,Kab. Bandung,Rp145.000,5
Sepeda Listrik Uwinfly Redfish 5 Terbaru,Jombang,Rp4.100.000,4
Selis sepeda listrik butterfly grand,Medan,Rp4.600.000,5
Lankeleisi XT750 Sports Version - Sepeda Elektrik Smart Moped 400W 30 KM per Jam,Jakarta Barat,Rp11.950.000,5
Motor Listrik Vespa Listrik Exotic Sprinter Pro Max Promax Pacific,Jakarta Selatan,Rp9.500.000,5
SEPEDA LISTRIK MOTOR LISTRIK RF 8 RF 8 REDFISH 8 REDFISH8 UWINFLY,Jakarta Selatan,Rp5.249.999,5
Sepeda Listrik Sunrace Stylish,Jombang,Rp4.600.000,5
Sepeda Motor Listrik Uwinfly U2S,Jakarta Timur,Rp6.490.000,5
Harga Subsidi Sepeda Motor Listrik Selis E-Max,Jakarta Timur,Rp4.728.980,5
Exotic Groza RX Sepeda Listrik Murah pabrikan Pacific Ebike Motor 500 watt Kecepatan 40 km/jam Jarak Tempuh 40 km Bukan Uwinfly Goda Veloce Skeleton,Jakarta Barat,Rp4.600.000,5
Motor Listrik Uwinfly T3 Baterai 60V/20Ah Vespa,Jakarta Timur,Rp10.240.000,5
Sepeda Listrik Genio Orby 1.0 Ebike,Tangerang,Rp4.000.000,5
Sepeda Listrik Uwinfly Dragonfly8 (DF8) Terbaru 48V 28Ah 600Watt,Jombang,Rp5.000.000,5
Charger Aki Sepeda Listrik Lead-Acid Battery EU Plug 48V 12Ah - B48,Jakarta Barat,Rp85.500,5
E Bike United IO 16 inch Sepeda Lipat Listrik Elektrik,Tangerang,Rp11.000.000,4
HANDLE REM SEPEDA LISTRIK TUAS REM SCOOTER LISTRIK SKUTER ELEKTRIK MOTOR LISTRIK UNIVERSAL HAND BRAKE HITAM SPAREPART SPARE PART,Kab. Bandung,Rp75.000,5
LAMPU BELAKANG 12V-80V UNIVERSAL SEPEDA LISTRIK MOTOR LISTRIK SCOOTER LISTRIK SKUTER ELEKTRIK STOPLAMP 12V 24V 36V 48V 60V 72V 80V LAMPU REM,Kab. Bandung,Rp85.000,5
SEPEDA MOTOR LISTRIK T3 T3S T 3 T3 S UWINFLY,Jakarta Selatan,Rp9.499.998,5
JAM ANALOG STANG UNIVERSAL SCOOTER LISTRIK SEPEDA MOTOR SKUTER HANDLE BAR CLOCK BRAKET ACCESSORIES SPAREPART SPARE PART MODIFIKASI,Kab. Bandung,Rp125.000,5
Sepeda Listrik Sunrace Champion,Jombang,Rp4.200.000,5
Pacific Relicus Sepeda Listrik Murah Ebike Bukan Goda Uwinfly Exotic Selis TERBARU,Jakarta Barat,Rp5.750.000,5
sepeda listrik akasia indobike,Jakarta Barat,Rp5.700.000,5
Grip Gas Lengkap Switch Lampu  Dim  Sen Motor Listrik,Kab. Bekasi,Rp250.000,5
Grip Gas Lengkap Hitam 3 Speed Maju Mundur Sepeda Listrik,Kab. Bekasi,Rp85.000,5
Motor Listrik Uwinfly T3 Baterai 60V/20Ah Vespa,Jakarta Barat,Rp9.490.000,5
Pacific SKELETON Sepeda Listrik Murah Ebike by Pacific Bike 500w 500 watt Kecepatan 45 km Tempuh 35 km,Jakarta Barat,Rp5.900.000,5
Sepeda Listrik Murah Cooltech dari Exotic Pabrikan Pacific Bike Bukan Goda Selis Uwinfly Dragonfly GD Monkey,Jakarta Barat,Rp4.450.000,5
Sepeda Listrik Exotic Cooltech AX A X Pacific Garansi Resmi,Jakarta Selatan,Rp4.300.000,5
Uwinfly Love Summer Pro / LN Pro / LS Pro Terbaru,Jombang,Rp8.600.000,5
Keranjang Depan Pendek Sepeda Listrik,Kab. Bekasi,Rp120.000,5
Sepeda listrik exotic groza X3 by pacific,Jakarta Timur,Rp4.800.000,5
Sepeda Listrik GODA TIGER 147 New Good Quality Premium & Elegant,Kab. Bogor,Rp5.000.000,5
Sepeda Motor Listrik Uwinfly N9 Pro,Jombang,Rp11.150.000,5
Pacific Skeleton 5.0 Sepeda Listrik Ebike Bukan Goda Viar Selis Nimbuzz Vertex Syncros,Jakarta Barat,Rp6.550.000,5
Sepeda Listrik 20 Inch Selis E01 Terbaru,Jombang,Rp3.400.000,5
Sepeda Listrik Goda GD Golden 140 Monkey GD 140 - Putih,Jakarta Timur,Rp4.790.000,5
sepeda listrik genio Orby e bike,Jakarta Barat,Rp4.200.000,5
Grip Gas Lengkap 3 Speed Selancar Sepeda Listrik,Kab. Bekasi,Rp80.000,5
Controller Sepeda Listrik Scooter DC 24V/36V 500W Motor Speed Brush E-bike,Gresik,Rp210.000,5
Harga Subsidi Sepeda Motor Listrik Goda New Turtle 210,Jakarta Timur,Rp2.180.000,5
Kabel Terminal Inlet Charger Lengkap Box Aki dan Skun Bulat,Kab. Bekasi,Rp30.000,5
Indikator Digital 48v-72v Sepeda Listrik Motor Listrik,Kab. Bekasi,Rp150.000,5
Sepeda Listrik Murah Brizo Berkualitas Kecepatan 35 km/jam Jarak Tempuh 40 km Remote Alarm Keyless Sudah ada Lampu Sein dan Spion,Jakarta Barat,Rp4.150.000,5
Sepeda Listrik E-Bike Genio Orby 1.0 New Product,Kab. Bogor,Rp3.800.000,5
Sepeda Listrik GODA Fitur Terlengkap Alarm Remote Klakson Lampu Sein LED Indikator Keyless Charger NOT Uwinfly Dragon Selis Viar,Jakarta Barat,Rp5.300.000,5
Sepeda Listrik PACIFIC ASTRIO 500watt FREE HELM,Karawang,Rp4.500.000,5
Uwinfly Redfish 2 Pro,Jombang,Rp4.100.000,5
Cooltech 3.0 Sepeda Listrik murah dari Exotic Pabrikan Pacific Bike Bukan Goda Selis Uwinfly Dragonfly GD Monkey,Jakarta Barat,Rp4.350.000,5
Groza MX Sepeda Listrik Exotic Croza dari Pacific Bike Removable Battery 500 watt Ebike Selis Bukan Goda Nimbuzz Uwinfly Cooltech,Jakarta Barat,Rp4.350.000,5
Selis Sepeda Listrik Murai Garansi Resmi,Medan,Rp7.000.000,5
Sepeda Listrik Uwinfly Dragonfly 7 Terbaru (DF7) (DF-7) DRAGONFLY7,Jombang,Rp4.000.000,5
Sepeda Listrik GODA Fitur Terlengkap Alarm Remote Klakson Lampu Sein LED Indikator Keyless Charger bukan Uwinfly Dragon Selis Viar,Jakarta Barat,Rp5.300.000,5
Sepeda Listrik Exotic Groza MX 500 watt 48 volt 12 AH,Jember,Rp3.999.000,5
Exotic Veloce 1.5 Sepeda Listrik Murah Ebike Berkualitas 500 Watt Kecepatan 40 km/jam Bukan Selis Vespa Uwinfly Skeleton Goda,Jakarta Barat,Rp4.400.000,5
Kabel Dinamo BLDC 1000watt-1500watt Sepeda Listrik Motor Listrik,Kab. Bekasi,Rp100.000,5
Sepeda Listrik Uwinfly Dragonfly 8 DF8 48V/12Ah Garansi Resmi,Kab. Bogor,Rp4.399.000,5
Pacific Argos Sepeda Listrik Ebike Electric Selis Terbaru Motor 500 watt Aki Baterai Charger Cas Not Goda Uwinfly,Jakarta Barat,Rp5.650.000,5
3pcs Alat Pembuka Pelepas Skun Terminal Pin Kabel Sepeda Listrik,Kab. Bekasi,Rp20.000,5
Sepeda Motor Listrik Uwinfly Blue Whale Terbaru 2000 watt,Jombang,Rp10.700.000,5
Spakbor Plastik Depan Ikat Samping Sepeda Listrik,Kab. Bekasi,Rp75.000,5
Sepeda Listrik UNITED ESPANA 1.0,Karawang,Rp5.000.000,5
Sepeda Listrik Selis PACIFIC SKELETON 5.0 650watt 48V 20Ah,Karawang,Rp4.900.000,5
